drill,areas,bonus,themes,subcategories,link
Triangle Tag,CHK,,Angling,,https://www.icehockeysystems.com/hockey-drills/triangle-tag
1 on 1 Angling Drill,CHK,,Competitive Contact,Angling,https://www.icehockeysystems.com/hockey-drills/1-on-1-angling-drill
1 v 1 Circle (Stick vs. No Stick),CHK|PTH,,Competitive Contact,Gap Control,https://www.icehockeysystems.com/hockey-drills/1-v-1-circle-stick-vs.-no-stick
1 v 1 Stick Battle,CHK,,Competitive Contact,Delivering and Receiving Body Contact,https://www.icehockeysystems.com/hockey-drills/1-v-1-stick-battle
Angling Small Area Game,CHK,,Competitive Contact,,
Chute Angling 1 V 1,CHK,,Competitive Contact,Angling,https://www.icehockeysystems.com/hockey-drills/chute-angling-1-v-1
Corner Puck Battle,CHK,,Competitive Contact,Delivering and Receiving Body Contact,https://www.icehockeysystems.com/hockey-drills/corner-puck-battle
Cross Ice Ringette,CHK,,Competitive Contact,Angling|Delivering and Receiving Body Contact,https://www.icehockeysystems.com/hockey-drills/cross-ice-ringette
Defend the Bucket,CHK|PTH,,Competitive Contact,Gap Control,https://www.icehockeysystems.com/hockey-drills/defend-bucket
Forecheck Angling,CHK|BFC,,Competitive Contact,Angling|Forecheck,https://www.icehockeysystems.com/hockey-drills/forecheck-angling
Hit Through the Hands,CHK,,Competitive Contact,Angling,https://www.icehockeysystems.com/hockey-drills/hit-through-hands
Puck Protection Weight Shift Moving,CHK,,Competitive Contact,Delivering and Receiving Body Contact,https://www.icehockeysystems.com/hockey-drills/puck-protection-weight-shift-moving
Puck Protection Weight Shifting (Standing Still),CHK,,Competitive Contact,Delivering and Receiving Body Contact,https://www.icehockeysystems.com/hockey-drills/puck-protection-weight-shifting-standing-still
RedZone,CHK,,Competitive Contact,Delivering and Receiving Body Contact,https://www.icehockeysystems.com/hockey-drills/redzone
Side by Side Checking,CHK,,Competitive Contact,Delivering and Receiving Body Contact,https://www.icehockeysystems.com/hockey-drills/side-by-side-checking
USA Step Forward Drill,CHK,,Competitive Contact,Delivering and Receiving Body Contact,https://www.icehockeysystems.com/hockey-drills/usa-step-forward-drill
Soccer on Ice - Station,CHK,yes,Competitive Contact|Skating,Fun,https://www.icehockeysystems.com/hockey-drills/soccer-on-ice-station
Dodgeball,,yes,Fun,,https://www.icehockeysystems.com/hockey-drills/dodgeball
Levels 3 vs 3 Small Area Game,,yes,Shooting,,https://www.icehockeysystems.com/hockey-drills/levels-3-vs-3-small-area-game
Relay Race #1,TRI,yes,Skating|Stickhandling,,https://www.icehockeysystems.com/hockey-drills/relay-race-1
Sharks and Minnows w/ Puck,TRI,,Puck Control,,https://www.icehockeysystems.com/hockey-drills/sharks-and-minnows-w/-puck
1:1 Goalie Work,,yes,Goalie,,https://www.icehockeysystems.com/hockey-drills/1:1-goalie-work
Goalie Skating Warm-Up,,yes,Goalie,Skating,https://www.icehockeysystems.com/hockey-drills/goalie-skating-warm-up
Goalie Warm-up,,yes,Goalie,,https://www.icehockeysystems.com/hockey-drills/goalie-warm-up
The Ullmark-Jarry,,yes,Goalie,,https://www.icehockeysystems.com/hockey-drills/ullmark-jarry
Goalie Screen Drill,PTH,yes,Goalie|Team Play - Defensive|Team Play - Offensive,Down Low Play,https://www.icehockeysystems.com/hockey-drills/goalie-screen-drill
3 Player - Every Pass a One Touch,TRI,,Passing and Receiving,One Touch|Triangles,https://www.icehockeysystems.com/hockey-drills/3-player-every-pass-one-touch
3 vs 1 Keep Away Game,TRI,,Passing and Receiving,,https://www.icehockeysystems.com/hockey-drills/3-vs-1-keep-away-game
Activator,TRI,,Passing and Receiving,,https://www.icehockeysystems.com/hockey-drills/activator
Hit The Tire Passing Game WIth No Goalie,TRI,,Passing and Receiving,,https://www.icehockeysystems.com/hockey-drills/hit-tire-passing-game-with-no-goalie
Fwd to D passing with Shot,TRI,yes,Passing and Receiving|Shooting,,https://www.icehockeysystems.com/hockey-drills/defend-net-front-progression-2-point-players
4 on 2 Power Play Game,PTH,yes,Penalty Kill|Power Play|Team Play - Defensive|Team Play - Offensive,,https://www.icehockeysystems.com/hockey-drills/4-on-2-power-play-game
3 Shot Unjam,,yes,Shooting,,https://www.icehockeysystems.com/hockey-drills/3-shot-unjam
Boomer Shooting Game,,yes,Shooting,Quick Release,https://www.icehockeysystems.com/hockey-drills/boomer-shooting-game
Corner To Slot Shot,PTH,yes,Shooting,Down Low Play,https://www.icehockeysystems.com/hockey-drills/corner-to-slot-shot
Improve Your Snap Shot,,yes,Shooting,Quick Release|Snapshot,https://www.icehockeysystems.com/hockey-drills/improve-your-snap-shot
One Timers with Rebound,,yes,Shooting,,https://www.icehockeysystems.com/hockey-drills/one-timers-with-rebound
Paint Scoring,,yes,Shooting,,https://www.icehockeysystems.com/hockey-drills/paint-scoring
Quick Release & Reaction Shooting,,yes,Shooting,Quick Release,
Snapshot,,yes,Shooting,Quick Release|Snapshot,https://www.icehockeysystems.com/hockey-drills/snapshot
Quick Release Shooting,,yes,Shooting,,https://www.icehockeysystems.com/hockey-drills/quick-release-shooting
Five Puck Scoring Race - Half Ice,,yes,Goalie|Shooting,Fun,https://www.icehockeysystems.com/hockey-drills/five-puck-scoring-race-half-ice
Goalie Shootout,,yes,Goalie|Shooting,Breakaways,https://www.icehockeysystems.com/hockey-drills/goalie-shootout
3 vs 3 Corner Drill,PTH,yes,Shooting|Team Play - Defensive,One-Timers|Quick Release,https://www.icehockeysystems.com/hockey-drills/3-vs-3-corner-drill
3 vs 3 Handball Game,TRI,yes,Skating,Fun|Quick Decisions,https://www.icehockeysystems.com/hockey-drills/3-vs-3-handball-game
Foxhunt Race,,yes,Skating,,https://www.icehockeysystems.com/hockey-drills/foxhunt-race
Sharks and Minnows,,yes,Skating,,https://www.icehockeysystems.com/hockey-drills/sharks-and-minnows
Chaos,TRI,yes,Puck Control|Skating,,https://www.icehockeysystems.com/hockey-drills/chaos
Finders Keepers (Teams) - Passing and Puck Control Drill,TRI,yes,Passing and Receiving|Puck Control|Skating,,https://www.icehockeysystems.com/hockey-drills/finders-keepers-teams-passing-and-puck-control-drill
Finders Keepers - Puck Protection Drill,TRI,yes,Passing and Receiving|Puck Control|Skating,,https://www.icehockeysystems.com/hockey-drills/finders-keepers-puck-protection-drill
1 v 1 Angle Around The Net Drill,CHK|BFC,,Competitive Contact,Angling|Forecheck,
2 V 0 Continuous Backcheck,PTH,,Team Play - Defensive,Backcheck,
2 on 2 Angle Game,CHK|BFC,,Competitive Contact,Angling|Forecheck,https://www.icehockeysystems.com/hockey-drills/2-on-2-angle-game
Bourque 3 on 3 Game,TRI|PTH|BFC,,Team Play - Defensive,Breakout|Triangles,https://www.icehockeysystems.com/hockey-drills/bourque-3-on-3-game
Defensive Read 2 on 1 (Quarter Ice),PTH,,Team Play - Defensive,Gap Control,https://www.icehockeysystems.com/hockey-drills/defensive-read-2-on-1-quarter-ice
Havoc Line Rush With Backchecker,PTH,,Team Play - Defensive,Backcheck|Gap Control,https://www.icehockeysystems.com/hockey-drills/nobles-2-v-2-2-teammates-transition-game
Offense to Defense 2 on 2,PTH,,Team Play - Defensive,Gap Control,https://www.icehockeysystems.com/hockey-drills/offense-to-defense-2-on-2
The Backcheck Game,PTH,,Team Play - Defensive,Backcheck,https://www.icehockeysystems.com/hockey-drills/the-backcheck-game
Sticks In Lanes Game,TRI|PTH,,Passing and Receiving|Team Play - Defensive,,https://www.icehockeysystems.com/hockey-drills/sticks-in-lanes-game
Regroup Game,TRI|PTH|BFC,,Team Play - Defensive|Triangles,Breakout,https://www.icehockeysystems.com/hockey-drills/regroup-game
3 on 2 Keep Away Game,TRI,,Team Play - Offensive,Triangles,https://www.icehockeysystems.com/hockey-drills/3-on-2-keep-away-game
4 vs 2 No Stickhandle Game,TRI,,Team Play - Offensive,Quick Decisions,https://www.icehockeysystems.com/hockey-drills/4-vs-2-no-stickhandle-game
5 V 5 to 5 V 3 Face-off Game On The Circle,,yes,Team Play - Offensive,Face-Offs,
Circle Offsides,TRI,,Team Play - Offensive,Triangles,https://www.icehockeysystems.com/hockey-drills/circle-offsides
Cycle Support Drill - Option #1,TRI,,Team Play - Offensive,Cycling,https://www.icehockeysystems.com/hockey-drills/cycle-support-drill-option-1
Gretzky 3 on 3,TRI,,Team Play - Offensive,Triangles,https://www.icehockeysystems.com/hockey-drills/gretzky-3-on-3
L-Support - Basic Triangle Movement,TRI,,Team Play - Offensive,Triangles,https://www.icehockeysystems.com/hockey-drills/l-support-basic-triangle-movement
Outlet Game,TRI,,Team Play - Offensive,Quick Decisions,https://www.icehockeysystems.com/hockey-drills/outlet-game
Quick Strike 3 v 1 Circle Game,TRI,,Team Play - Offensive,Quick Decisions,https://www.icehockeysystems.com/hockey-drills/quick-strike-3-v-1-circle-game
Run Ragged Small Area Game,TRI,,Team Play - Offensive,Triangles,https://www.icehockeysystems.com/hockey-drills/run-ragged-small-area-game
Union Small Area Scoring Game,,,Team Play - Offensive,,https://www.icehockeysystems.com/hockey-drills/union-small-area-scoring-game
Zone Entry Drives,ZE,,Team Play - Offensive,Zone Entry,https://www.icehockeysystems.com/hockey-drills/zone-entry-drives
Zone Entry Progression #2,ZE,,Team Play - Offensive,Zone Entry,https://www.icehockeysystems.com/hockey-drills/zone-entry-progression-2
Designated Shooter,PTH,yes,Shooting|Team Play - Offensive,Down Low Play,https://www.icehockeysystems.com/hockey-drills/designated-shooter
Designated Shooters Umbrella Power Play Game,PTH,yes,Shooting|Team Play - Offensive,Down Low Play,https://www.icehockeysystems.com/hockey-drills/designated-shooters-umbrella-power-play-game
3 v 3 with Down Low Passer,PTH,,Team Play - Defensive|Team Play - Offensive,Down Low Play,https://www.icehockeysystems.com/hockey-drills/3-v-3-with-down-low-passer
4 v 4 Cross Ice,PTH,,Team Play - Defensive|Team Play - Offensive,,https://www.icehockeysystems.com/hockey-drills/4-v-4-cross-ice
Defend Net Front Progression With 2 Point Players,PTH,yes,Team Play - Defensive|Team Play - Offensive,Down Low Play|Slapshot,https://www.icehockeysystems.com/hockey-drills/defend-net-front-progression-with-2-point-players
Griffs 2 V 2 Game,PTH|BFC|ZE,,Team Play - Defensive|Team Play - Offensive,Breakout|Zone Entry,https://www.icehockeysystems.com/hockey-drills/griffs-2-v-2-game
Jets 2 v 2 Drill,PTH|ZE,,Team Play - Defensive|Team Play - Offensive,Gap Control|Zone Entry,https://www.icehockeysystems.com/hockey-drills/jets-2-v-2-drill
Nobles 2 V 2 + 2 Teammates Transition Game,PTH,,Team Play - Defensive|Team Play - Offensive,Penalty Kill|Power Play,https://www.icehockeysystems.com/hockey-drills/nobles-2-v-2-+-2-teammates-transition-game
Nobles 2 v 2 Transition Game,PTH,,Team Play - Defensive|Team Play - Offensive,,https://www.icehockeysystems.com/hockey-drills/nobles-2-v-2-transition-game
RPI 2 on 2,PTH|ZE,,Team Play - Defensive|Team Play - Offensive,Gap Control|Zone Entry,https://www.icehockeysystems.com/hockey-drills/rpi-2-on-2
Royal Road Drill,PTH,yes,Team Play - Defensive|Team Play - Offensive,Down Low Play|One-Timers,https://www.icehockeysystems.com/hockey-drills/royal-road-drill
Steal the Bacon,PTH,,Team Play - Defensive|Team Play - Offensive,Fun,https://www.icehockeysystems.com/hockey-drills/steal-bacon
The Breakout Game,PTH|BFC,,Team Play - Defensive|Team Play - Offensive,Breakout|Forecheck,https://www.icehockeysystems.com/hockey-drills/the-breakout-game
Bump Pass & Attack The Net Drill,TRI,,Team Play - Offensive,Cycling,https://www.icehockeysystems.com/hockey-drills/bump-pass-attack-the-net-drill
"Pass, Shoot or Dump",TRI,,Team Play - Offensive,Quick Decisions,https://www.icehockeysystems.com/hockey-drills/simple-tools-improve-your-quick-release-shooting
